Nom_Produit,Nom_Original,Lien_Article,URL_Image_Originale,URL_Image_Serveur,Image_Telecharge,Statut_Telechargement,Numero_Page,Date_Scraping
AIR_ZOOM,200 Air Zoom Pegasus 41 超级飞马涡轮增压马拉松休闲运动慢跑鞋 货号:FD2722-109 39-45,https://umkao.x.yupoo.com/albums/194422909?uid=1&isSubCate=true&referrercate=511015,https://photo.yupoo.com/umkao_v/957b43c6/medium.jpeg,http://app.madeinchina-ebook.com/images/puta/img-1.webp,img-1.webp,✅ RÉUSSI,1,2025-05-28 19:17:29
AIR_ZOOM,200 Air Zoom Pegasus 41 飞马41货号：FD2723-021 39-45,https://umkao.x.yupoo.com/albums/184898308?uid=1&isSubCate=true&referrercate=511015,https://photo.yupoo.com/umkao_v/f860e72c/medium.jpeg,http://app.madeinchina-ebook.com/images/puta/img-2.webp,img-2.webp,✅ RÉUSSI,1,2025-05-28 19:17:35
AIR_ZOOM,200 Air Zoom Pegasus 41 飞马41货号：FD2723-021 39-45,https://umkao.x.yupoo.com/albums/184898306?uid=1&isSubCate=true&referrercate=511015,https://photo.yupoo.com/umkao_v/9dac678a/medium.jpeg,http://app.madeinchina-ebook.com/images/puta/img-3.webp,img-3.webp,✅ RÉUSSI,1,2025-05-28 19:17:39
AIR_ZOOM,200 Air Zoom Pegasus 41 飞马41货号：FD2723-021 39-45,https://umkao.x.yupoo.com/albums/184898304?uid=1&isSubCate=true&referrercate=511015,https://photo.yupoo.com/umkao_v/a4f61aa1/medium.jpeg,http://app.madeinchina-ebook.com/images/puta/img-4.webp,img-4.webp,✅ RÉUSSI,1,2025-05-28 19:17:43
AIR_ZOOM,200 Air Zoom Pegasus 41 飞马41货号：FD2723-021 39-45,https://umkao.x.yupoo.com/albums/184898303?uid=1&isSubCate=true&referrercate=511015,https://photo.yupoo.com/umkao_v/3e0c7f5c/medium.jpeg,http://app.madeinchina-ebook.com/images/puta/img-5.webp,img-5.webp,✅ RÉUSSI,1,2025-05-28 19:17:47
AIR_ZOOM,200 Air Zoom Pegasus 41 飞马41货号：FD2723-021 39-45,https://umkao.x.yupoo.com/albums/184898301?uid=1&isSubCate=true&referrercate=511015,https://photo.yupoo.com/umkao_v/16018dc7/medium.jpeg,http://app.madeinchina-ebook.com/images/puta/img-6.webp,img-6.webp,✅ RÉUSSI,1,2025-05-28 19:17:51
AIR_ZOOM,200 Air Zoom Pegasus 41 登月跑鞋 网面透气跑步鞋 兼顾迅疾外观和稳固脚感 HM3732-361 39-46,https://umkao.x.yupoo.com/albums/184894217?uid=1&isSubCate=true&referrercate=511015,https://photo.yupoo.com/umkao_v/658dfeeb/medium.jpeg,http://app.madeinchina-ebook.com/images/puta/img-7.webp,img-7.webp,✅ RÉUSSI,1,2025-05-28 19:17:55
AIR_ZOOM,200 Air Zoom Pegasus 41 登月跑鞋 网面透气跑步鞋 兼顾迅疾外观和稳固脚感 HM3732-361 39-46,https://umkao.x.yupoo.com/albums/184894216?uid=1&isSubCate=true&referrercate=511015,https://photo.yupoo.com/umkao_v/f454bc8c/medium.jpeg,http://app.madeinchina-ebook.com/images/puta/img-8.webp,img-8.webp,✅ RÉUSSI,1,2025-05-28 19:17:59
AIR_ZOOM,200 Air Zoom Pegasus 41 登月跑鞋 网面透气跑步鞋 兼顾迅疾外观和稳固脚感 HM3732-361 39-46,https://umkao.x.yupoo.com/albums/184894215?uid=1&isSubCate=true&referrercate=511015,https://photo.yupoo.com/umkao_v/85e2cd78/medium.jpeg,http://app.madeinchina-ebook.com/images/puta/img-9.webp,img-9.webp,✅ RÉUSSI,1,2025-05-28 19:18:03
AIR_ZOOM,200 Air Zoom Pegasus 41 登月跑鞋 网面透气跑步鞋 兼顾迅疾外观和稳固脚感 HM3732-361 39-46,https://umkao.x.yupoo.com/albums/184894214?uid=1&isSubCate=true&referrercate=511015,https://photo.yupoo.com/umkao_v/57ab60ee/medium.jpeg,http://app.madeinchina-ebook.com/images/puta/img-10.webp,img-10.webp,✅ RÉUSSI,1,2025-05-28 19:18:07
AIR_ZOOM,200 Air Zoom Pegasus 41 登月跑鞋 网面透气跑步鞋 兼顾迅疾外观和稳固脚感 HM3732-361 39-46,https://umkao.x.yupoo.com/albums/184894213?uid=1&isSubCate=true&referrercate=511015,https://photo.yupoo.com/umkao_v/0f905e50/medium.jpeg,http://app.madeinchina-ebook.com/images/puta/img-11.webp,img-11.webp,✅ RÉUSSI,1,2025-05-28 19:18:13
AIR_ZOOM,200 Air Zoom Pegasus 41 登月跑鞋 网面透气跑步鞋 兼顾迅疾外观和稳固脚感 HM3732-361 36-46,https://umkao.x.yupoo.com/albums/184894212?uid=1&isSubCate=true&referrercate=511015,https://photo.yupoo.com/umkao_v/9baf64f4/medium.jpeg,http://app.madeinchina-ebook.com/images/puta/img-12.webp,img-12.webp,✅ RÉUSSI,1,2025-05-28 19:18:17
AIR_ZOOM,200 Air Zoom Pegasus 41 登月跑鞋 网面透气跑步鞋 兼顾迅疾外观和稳固脚感 HM3732-361 36-40,https://umkao.x.yupoo.com/albums/184894211?uid=1&isSubCate=true&referrercate=511015,https://photo.yupoo.com/umkao_v/3557f226/medium.jpeg,http://app.madeinchina-ebook.com/images/puta/img-13.webp,img-13.webp,✅ RÉUSSI,1,2025-05-28 19:18:23
AIR_ZOOM,200 Air Zoom Pegasus 41 登月跑鞋 网面透气跑步鞋 兼顾迅疾外观和稳固脚感 HM3732-361 36-40,https://umkao.x.yupoo.com/albums/184894210?uid=1&isSubCate=true&referrercate=511015,https://photo.yupoo.com/umkao_v/b433c717/medium.jpeg,http://app.madeinchina-ebook.com/images/puta/img-14.webp,img-14.webp,✅ RÉUSSI,1,2025-05-28 19:18:30
AIR_ZOOM,200 Air Zoom Pegasus 41 登月跑鞋 网面透气跑步鞋 兼顾迅疾外观和稳固脚感 HM3732-361 36-40,https://umkao.x.yupoo.com/albums/184894207?uid=1&isSubCate=true&referrercate=511015,https://photo.yupoo.com/umkao_v/4fb71058/medium.jpeg,http://app.madeinchina-ebook.com/images/puta/img-15.webp,img-15.webp,✅ RÉUSSI,1,2025-05-28 19:18:36
AIR_ZOOM,200 Air Zoom Pegasus 41 登月跑鞋 网面透气跑步鞋 兼顾迅疾外观和稳固脚感 HQ3452 041 39-46,https://umkao.x.yupoo.com/albums/184883648?uid=1&isSubCate=true&referrercate=511015,https://photo.yupoo.com/umkao_v/542e55d7/medium.jpeg,http://app.madeinchina-ebook.com/images/puta/img-16.webp,img-16.webp,✅ RÉUSSI,1,2025-05-28 19:18:41
